<annotation><version>1.1</version><meta><link>http://img03.platesmania.com/151208/o/ee8328.jpg</link><plate_number_image_url>http://img03.platesmania.com/160127/inf/79956106e7073.png</plate_number_image_url><box><xtl>0</xtl><ytl>0</ytl><xbr>893</xbr><ybr>1295</ybr></box><car>ChZSA</car><model>&#1040;&#1057;&#1063;-03 &#1063;&#1077;&#1088;&#1085;&#1080;&#1075;&#1086;&#1074;</model><type>&#1054;&#1073;&#1099;&#1095;&#1085;&#1099;&#1077; &#1072;&#1074;&#1090;&#1086;&#1084;&#1086;&#1073;&#1080;&#1083;&#1100;&#1085;&#1099;&#1077; &#1085;&#1086;&#1084;&#1077;&#1088;&#1072;</type><tags> &#1073;&#1088;&#1086;&#1096;&#1077;&#1085;&#1085;&#1086;&#1077; &#1058;&#1057; | &#1072;&#1074;&#1090;&#1086;&#1073;&#1091;&#1089;</tags><country>estonia</country><plate_number>878 AOP</plate_number></meta></annotation>