<annotation><version>1.1</version><meta><link>http://img03.platesmania.com/180615/o/11471728.jpg</link><plate_number_image_url>http://img03.platesmania.com/180615/inf/114717280bf564.png</plate_number_image_url><box><xtl>0</xtl><ytl>0</ytl><xbr>1067</xbr><ybr>1600</ybr></box><car>Hatehof, Carmor</car><model>Wolf</model><type>&#1042;&#1086;&#1077;&#1085;&#1085;&#1099;&#1077;</type><tags> &#1073;&#1088;&#1086;&#1085;&#1080;&#1088;&#1086;&#1074;&#1072;&#1085;&#1085;&#1099;&#1081;</tags><country>israel</country><plate_number>252112-&#1510;</plate_number></meta></annotation>