<annotation><version>1.1</version><meta><link>http://img03.platesmania.com/180505/o/11288974.jpg</link><plate_number_image_url>http://img03.platesmania.com/180505/inf/11288974709ec4.png</plate_number_image_url><box><xtl>0</xtl><ytl>0</ytl><xbr>1067</xbr><ybr>1600</ybr></box><car>Plasan</car><model>Sand Cat</model><type>&#1055;&#1086;&#1083;&#1080;&#1094;&#1080;&#1103;</type><tags> &#1073;&#1088;&#1086;&#1085;&#1080;&#1088;&#1086;&#1074;&#1072;&#1085;&#1085;&#1099;&#1081;</tags><country>israel</country><plate_number>42-156-&#1502;</plate_number></meta></annotation>