<annotation><version>1.1</version><meta><link>http://img03.platesmania.com/171017/o/10549883.jpg</link><plate_number_image_url>http://img03.platesmania.com/171017/inf/10549883611044.png</plate_number_image_url><box><xtl>0</xtl><ytl>0</ytl><xbr>933</xbr><ybr>1400</ybr></box><car>White</car><model>Half-track</model><type>&#1054;&#1073;&#1099;&#1095;&#1085;&#1099;&#1077; &#1085;&#1086;&#1084;&#1077;&#1088;&#1072; (2010)</type><tags> &#1073;&#1088;&#1086;&#1085;&#1080;&#1088;&#1086;&#1074;&#1072;&#1085;&#1085;&#1099;&#1081;</tags><country>belgium</country><plate_number>O-AZD-495</plate_number></meta></annotation>