<annotation><version>1.1</version><meta><link>http://img03.platesmania.com/191027/o/13721719.jpg</link><plate_number_image_url>http://img03.platesmania.com/191027/inf/13721719cbc745.png</plate_number_image_url><box><xtl>0</xtl><ytl>0</ytl><xbr>960</xbr><ybr>1280</ybr></box><car>ZEZTS</car><model>&#1058;&#1057;-3965</model><type>&#1043;&#1086;&#1089;&#1091;&#1076;&#1072;&#1088;&#1089;&#1090;&#1074;&#1077;&#1085;&#1085;&#1099;&#1077; &#1072;&#1074;&#1090;&#1086;&#1084;&#1086;&#1073;&#1080;&#1083;&#1080; (1977)</type><tags> &#1073;&#1088;&#1086;&#1096;&#1077;&#1085;&#1085;&#1086;&#1077; &#1058;&#1057; | &#1072;&#1074;&#1090;&#1086;&#1073;&#1091;&#1089;</tags><country>ussr</country><plate_number>1176 &#1050;&#1056;&#1057;</plate_number></meta></annotation>